N,homemade_seconds,fast_seconds
8,0.00002896,0.00000850
16,0.00004454,0.00000567
32,0.00008038,0.00000975
64,0.00016179,0.00001483
128,0.00034004,0.00004454
256,0.00088604,0.00022104
512,0.00341379,0.00113971
768,0.00745725,0.00242408
1024,0.01547500,0.00532658
